,pacient,V,path
24,e0136,0,C:\Users\andre\1JUPYTER\IC\ecg_data\2_European STT\data\segmented_data\N\e0136
29,e0154,0,C:\Users\andre\1JUPYTER\IC\ecg_data\2_European STT\data\segmented_data\N\e0154
20,e0126,1,C:\Users\andre\1JUPYTER\IC\ecg_data\2_European STT\data\segmented_data\V\e0126
19,e0125,0,C:\Users\andre\1JUPYTER\IC\ecg_data\2_European STT\data\segmented_data\N\e0125
58,e0409,1,C:\Users\andre\1JUPYTER\IC\ecg_data\2_European STT\data\segmented_data\V\e0409
68,e0601,0,C:\Users\andre\1JUPYTER\IC\ecg_data\2_European STT\data\segmented_data\N\e0601
36,e0170,1,C:\Users\andre\1JUPYTER\IC\ecg_data\2_European STT\data\segmented_data\V\e0170
48,e0302,0,C:\Users\andre\1JUPYTER\IC\ecg_data\2_European STT\data\segmented_data\N\e0302
45,e0211,1,C:\Users\andre\1JUPYTER\IC\ecg_data\2_European STT\data\segmented_data\V\e0211
73,e0606,1,C:\Users\andre\1JUPYTER\IC\ecg_data\2_European STT\data\segmented_data\V\e0606
55,e0405,0,C:\Users\andre\1JUPYTER\IC\ecg_data\2_European STT\data\segmented_data\N\e0405
80,e0614,1,C:\Users\andre\1JUPYTER\IC\ecg_data\2_European STT\data\segmented_data\V\e0614
12,e0116,0,C:\Users\andre\1JUPYTER\IC\ecg_data\2_European STT\data\segmented_data\N\e0116
6,e0110,0,C:\Users\andre\1JUPYTER\IC\ecg_data\2_European STT\data\segmented_data\N\e0110
25,e0139,0,C:\Users\andre\1JUPYTER\IC\ecg_data\2_European STT\data\segmented_data\N\e0139
38,e0203,1,C:\Users\andre\1JUPYTER\IC\ecg_data\2_European STT\data\segmented_data\V\e0203
13,e0118,0,C:\Users\andre\1JUPYTER\IC\ecg_data\2_European STT\data\segmented_data\N\e0118
2,e0105,0,C:\Users\andre\1JUPYTER\IC\ecg_data\2_European STT\data\segmented_data\N\e0105
44,e0210,1,C:\Users\andre\1JUPYTER\IC\ecg_data\2_European STT\data\segmented_data\V\e0210
34,e0163,1,C:\Users\andre\1JUPYTER\IC\ecg_data\2_European STT\data\segmented_data\V\e0163
74,e0607,1,C:\Users\andre\1JUPYTER\IC\ecg_data\2_European STT\data\segmented_data\V\e0607
71,e0604,1,C:\Users\andre\1JUPYTER\IC\ecg_data\2_European STT\data\segmented_data\V\e0604
27,e0148,1,C:\Users\andre\1JUPYTER\IC\ecg_data\2_European STT\data\segmented_data\V\e0148
15,e0121,1,C:\Users\andre\1JUPYTER\IC\ecg_data\2_European STT\data\segmented_data\V\e0121
46,e0212,0,C:\Users\andre\1JUPYTER\IC\ecg_data\2_European STT\data\segmented_data\N\e0212
79,e0613,0,C:\Users\andre\1JUPYTER\IC\ecg_data\2_European STT\data\segmented_data\N\e0613
65,e0501,0,C:\Users\andre\1JUPYTER\IC\ecg_data\2_European STT\data\segmented_data\N\e0501
75,e0609,1,C:\Users\andre\1JUPYTER\IC\ecg_data\2_European STT\data\segmented_data\V\e0609
33,e0162,1,C:\Users\andre\1JUPYTER\IC\ecg_data\2_European STT\data\segmented_data\V\e0162
67,e0515,0,C:\Users\andre\1JUPYTER\IC\ecg_data\2_European STT\data\segmented_data\N\e0515
9,e0113,1,C:\Users\andre\1JUPYTER\IC\ecg_data\2_European STT\data\segmented_data\V\e0113
28,e0151,0,C:\Users\andre\1JUPYTER\IC\ecg_data\2_European STT\data\segmented_data\N\e0151
64,e0418,0,C:\Users\andre\1JUPYTER\IC\ecg_data\2_European STT\data\segmented_data\N\e0418
23,e0133,0,C:\Users\andre\1JUPYTER\IC\ecg_data\2_European STT\data\segmented_data\N\e0133
47,e0213,1,C:\Users\andre\1JUPYTER\IC\ecg_data\2_European STT\data\segmented_data\V\e0213
53,e0403,1,C:\Users\andre\1JUPYTER\IC\ecg_data\2_European STT\data\segmented_data\V\e0403
3,e0106,0,C:\Users\andre\1JUPYTER\IC\ecg_data\2_European STT\data\segmented_data\N\e0106
63,e0417,1,C:\Users\andre\1JUPYTER\IC\ecg_data\2_European STT\data\segmented_data\V\e0417
0,e0103,1,C:\Users\andre\1JUPYTER\IC\ecg_data\2_European STT\data\segmented_data\V\e0103
21,e0127,0,C:\Users\andre\1JUPYTER\IC\ecg_data\2_European STT\data\segmented_data\N\e0127
70,e0603,1,C:\Users\andre\1JUPYTER\IC\ecg_data\2_European STT\data\segmented_data\V\e0603
61,e0413,1,C:\Users\andre\1JUPYTER\IC\ecg_data\2_European STT\data\segmented_data\V\e0413
66,e0509,1,C:\Users\andre\1JUPYTER\IC\ecg_data\2_European STT\data\segmented_data\V\e0509
82,e0704,0,C:\Users\andre\1JUPYTER\IC\ecg_data\2_European STT\data\segmented_data\N\e0704
10,e0114,1,C:\Users\andre\1JUPYTER\IC\ecg_data\2_European STT\data\segmented_data\V\e0114
18,e0124,1,C:\Users\andre\1JUPYTER\IC\ecg_data\2_European STT\data\segmented_data\V\e0124
62,e0415,1,C:\Users\andre\1JUPYTER\IC\ecg_data\2_European STT\data\segmented_data\V\e0415
11,e0115,0,C:\Users\andre\1JUPYTER\IC\ecg_data\2_European STT\data\segmented_data\N\e0115
4,e0107,1,C:\Users\andre\1JUPYTER\IC\ecg_data\2_European STT\data\segmented_data\V\e0107
60,e0411,1,C:\Users\andre\1JUPYTER\IC\ecg_data\2_European STT\data\segmented_data\V\e0411
51,e0305,1,C:\Users\andre\1JUPYTER\IC\ecg_data\2_European STT\data\segmented_data\V\e0305
17,e0123,1,C:\Users\andre\1JUPYTER\IC\ecg_data\2_European STT\data\segmented_data\V\e0123
30,e0155,0,C:\Users\andre\1JUPYTER\IC\ecg_data\2_European STT\data\segmented_data\N\e0155
76,e0610,1,C:\Users\andre\1JUPYTER\IC\ecg_data\2_European STT\data\segmented_data\V\e0610
54,e0404,0,C:\Users\andre\1JUPYTER\IC\ecg_data\2_European STT\data\segmented_data\N\e0404
52,e0306,1,C:\Users\andre\1JUPYTER\IC\ecg_data\2_European STT\data\segmented_data\V\e0306
56,e0406,0,C:\Users\andre\1JUPYTER\IC\ecg_data\2_European STT\data\segmented_data\N\e0406
42,e0207,1,C:\Users\andre\1JUPYTER\IC\ecg_data\2_European STT\data\segmented_data\V\e0207
78,e0612,1,C:\Users\andre\1JUPYTER\IC\ecg_data\2_European STT\data\segmented_data\V\e0612
59,e0410,0,C:\Users\andre\1JUPYTER\IC\ecg_data\2_European STT\data\segmented_data\N\e0410
86,e0818,0,C:\Users\andre\1JUPYTER\IC\ecg_data\2_European STT\data\segmented_data\N\e0818
84,e0808,0,C:\Users\andre\1JUPYTER\IC\ecg_data\2_European STT\data\segmented_data\N\e0808
40,e0205,0,C:\Users\andre\1JUPYTER\IC\ecg_data\2_European STT\data\segmented_data\N\e0205
35,e0166,0,C:\Users\andre\1JUPYTER\IC\ecg_data\2_European STT\data\segmented_data\N\e0166
69,e0602,1,C:\Users\andre\1JUPYTER\IC\ecg_data\2_European STT\data\segmented_data\V\e0602
77,e0611,0,C:\Users\andre\1JUPYTER\IC\ecg_data\2_European STT\data\segmented_data\N\e0611
7,e0111,0,C:\Users\andre\1JUPYTER\IC\ecg_data\2_European STT\data\segmented_data\N\e0111
8,e0112,1,C:\Users\andre\1JUPYTER\IC\ecg_data\2_European STT\data\segmented_data\V\e0112
81,e0615,1,C:\Users\andre\1JUPYTER\IC\ecg_data\2_European STT\data\segmented_data\V\e0615
